{"stat.walkOneCm":29795,"stat.killEntity.Horse":4,"stat.leaveGame":4,"stat.damageTaken":605,"stat.pickup.minecraft.leather":3,"stat.mobKills":6,"stat.useItem.divinerpg.quadrotic_backsword":6,"stat.useItem.voidcraft.demonsword":1,"stat.useItem.voidcraft.moltensword":4,"stat.killEntity.divinerpg.cyclops":1,"stat.useItem.divinerpg.frostking_sword":3,"stat.useItem.divinerpg.icine_sword":1,"stat.flyOneCm":50432,"stat.deaths":2,"stat.pickup.minecraft.wheat_seeds":1,"stat.jump":98,"stat.swimOneCm":2819,"stat.playOneMinute":9893,"stat.fallOneCm":4301,"stat.sneakTime":40,"stat.entityKilledBy.Skeleton":2,"stat.damageDealt":2348,"stat.pickup.minecraft.stone":2,"stat.crouchOneCm":106,"stat.timeSinceDeath":5934,"stat.pickup.minecraft.dirt":13,"stat.sprintOneCm":24058,"stat.mineBlock.minecraft.dirt":2,"stat.useItem.minecraft.stone_slab2":1,"stat.useItem.minecraft.spawn_egg":6,"stat.mineBlock.minecraft.tallgrass":11}